Name,Achilles tendon stress,Ankle plantar/dorsiflexion angle,Ankle in/eversion angle,Ankle plantar/dorsiflexion moment,Ankle in/eversion moment,Ankle power,A/P GRF,Hip ad/abduction moment,Hip in/external rotation moment,Hip power,Knee ad/abduction angle,Knee ad/abduction moment,Knee in/external rotation moment,Ipsi/contralateral pelvic lean,EMG activation for gastrocnemius,EMG activation for soleus
1,6.594265626,21.1552,3.97209,2.71273,0.0698548,12.1481,9.81435,0.408413,-0.0944115,-1.28132,-2.79229,0.883857,0.12447,-14.9384,0.953153407,0.923003505
2,7.319643563,19.4442,3.66038,2.65513,0.0609734,14.1533,9.75216,0.406071,-0.0941727,-1.70703,-2.78137,0.82593,0.121272,-15.4551,0.964420968,0.91158895
3,8.419564153,17.4819,3.33316,2.57826,0.0525331,15.9938,9.63461,0.416777,-0.0944937,-2.06493,-2.69766,0.767008,0.117986,-15.9661,0.971698261,0.900816528
4,10.26864897,15.2713,2.99544,2.481,0.0443906,17.5626,9.44523,0.425656,-0.0918426,-2.42783,-2.54901,0.703638,0.112561,-16.4691,0.976308428,0.889987964
5,13.95753978,12.8201,2.65293,2.35595,0.0354661,18.6632,9.16278,0.431051,-0.0822448,-2.79095,-2.34705,0.634324,0.107988,-16.9622,0.979626707,0.877190889
6,25.12104981,10.1413,2.31173,2.20592,0.0228344,19.2265,8.78267,0.428074,-0.0705324,-3.10847,-2.10714,0.557157,0.0984447,-17.4429,0.982569921,0.863821859
7,5.285153633,25.7564,-2.24194,2.76041,-0.0075591,21.5319,8.87938,0.373215,-0.0440808,-3.9917,-9.16057,0.119168,0.135187,-10.3032,0.944211977,0.848010091
8,5.747945582,23.3188,-2.4495,2.6281,-0.00335143,23.2619,8.65699,0.36306,-0.0310407,-4.17928,-8.62392,0.135968,0.129159,-10.558,0.933699827,0.828779565
9,6.458403708,20.5231,-2.6507,2.46158,0.00114524,24.1884,8.33106,0.339055,-0.0133837,-4.26624,-8.07185,0.147132,0.12098,-10.7906,0.923613071,0.80867865
10,7.704146042,17.3865,-2.83826,2.26457,0.00346102,24.2122,7.88231,0.293888,0.003728,-4.27022,-7.51853,0.149965,0.106507,-10.9984,0.912753243,0.788350678
11,10.41811971,13.9444,-3.00414,2.04197,0.00755915,23.2754,7.30482,0.232743,0.0222714,-4.2072,-6.97852,0.146623,0.0921062,-11.179,0.899688726,0.767410911
12,20.279171,10.2533,-3.14044,1.79201,0.00551495,21.3747,6.61722,0.141485,0.0353498,-4.05541,-6.46584,0.126241,0.0700038,-11.3303,0.884934902,0.745947651
13,1.733685752,29.1417,0.973228,2.24054,-0.0258204,21.3567,7.44202,0.188815,-0.0337304,-7.78442,-3.91573,-0.179918,-0.0570784,-17.8181,0.84862073,0.711931389
14,1.895969525,25.9043,0.570692,2.11122,-0.0179356,22.7457,7.17061,0.165764,-0.02134,-7.39268,-4.1645,-0.171764,-0.0380473,-18.1219,0.840940683,0.695302129
15,2.148167232,22.3298,0.165977,1.95693,-0.00669857,23.4548,6.90243,0.138514,-0.00555226,-6.25909,-4.33385,-0.153182,-0.0235909,-18.382,0.832689932,0.678405455
16,2.59206728,18.4042,-0.231895,1.7687,-0.000619287,23.2068,6.50102,0.0724525,0.000320369,-5.17893,-4.43549,-0.142352,-0.0239066,-18.5987,0.824239435,0.660446771
17,3.610794885,14.1357,-0.612498,1.53971,0.00201858,21.6817,5.87989,-0.0165974,-0.00356398,-4.32921,-4.48363,-0.13708,-0.0325012,-18.7727,0.815837855,0.641878766
18,8.840707259,9.56661,-0.9646,1.273,0.00412739,18.8088,5.07053,-0.109212,-0.0110606,-3.52329,-4.49339,-0.131814,-0.0416339,-18.9048,0.807456657,0.622563916
19,1.918687141,26.5187,0.0812065,2.35641,-0.0144224,23.0751,7.77705,-0.0348825,-0.0291588,-6.04895,-8.65547,-0.32954,-0.0926145,-11.8158,0.903103991,0.896995616
20,2.131295862,23.5125,-0.0848797,2.23163,-0.0103325,24.2391,7.56013,-0.0517281,-0.0256797,-5.78379,-8.12797,-0.327858,-0.094034,-12.1501,0.891726763,0.881510098
21,2.482973799,20.1775,-0.26424,2.08934,-0.00373524,24.7703,7.29654,-0.062848,-0.0234056,-5.54736,-7.56762,-0.315407,-0.0922952,-12.4381,0.880382617,0.865780206
22,3.172328736,16.5317,-0.455237,1.93824,0.000631064,24.6996,6.97049,-0.0715384,-0.0244453,-5.28678,-6.98951,-0.294198,-0.0922192,-12.6747,0.869117355,0.850287501
23,4.967599023,12.6049,-0.654801,1.76877,0.00166173,23.8596,6.53903,-0.0863899,-0.0291591,-5.24107,-6.41096,-0.270243,-0.0920548,-12.8557,0.856887663,0.834658233
24,20.25331503,8.43996,-0.858507,1.5821,-5.07E-05,22.256,6.01444,-0.107099,-0.0366476,-5.21752,-5.85016,-0.245135,-0.0930448,-12.9785,0.843487422,0.817997556
25,3.066451947,23.8653,1.76775,2.44561,0.243807,17.2287,8.41702,0.164555,0.0107585,-4.51744,8.87401,0.446956,0.113306,-9.09867,0.864491283,0.893324452
26,3.368876332,21.6262,1.58343,2.34197,0.23846,18.4795,8.2262,0.192576,0.00530766,-4.86096,9.12294,0.446175,0.117603,-9.27641,0.854421278,0.883537341
27,3.834777522,19.1378,1.40839,2.22207,0.231272,19.3498,7.96273,0.223887,-0.00314586,-5.06727,9.36189,0.443538,0.116659,-9.43947,0.843038455,0.871422165
28,4.617444192,16.4084,1.24378,2.07846,0.219662,19.67,7.60914,0.245764,-0.00748658,-5.17755,9.5709,0.429018,0.113117,-9.58682,0.831295176,0.858225394
29,6.206891751,13.455,1.09034,1.90792,0.202011,19.3287,7.14279,0.25397,-0.00940641,-5.17743,9.73164,0.399422,0.105343,-9.71755,0.819798524,0.845002242
30,11.27623392,10.304,0.948529,1.71252,0.180826,18.2843,6.53962,0.249805,-0.00412824,-5.17136,9.8292,0.354148,0.098725,-9.83102,0.80810457,0.832306698
31,2.050089757,20.8033,1.29158,1.97519,0.123743,11.0778,6.80377,-0.495286,0.0718233,-7.41032,-2.29516,0.142441,-0.0884297,-7.05073,0.972973922,0.949246875
32,2.24124291,19.0614,1.18264,1.8923,0.114771,12.2883,6.70716,-0.538395,0.0712365,-7.95103,-2.14069,0.0788574,-0.0927206,-7.14301,0.968456204,0.94291071
33,2.542080099,17.06,1.06632,1.79359,0.109227,13.3303,6.56728,-0.560699,0.0654353,-8.31325,-1.95353,0.0225522,-0.0937154,-7.21909,0.963988628,0.936049394
34,3.081692255,14.7832,0.944555,1.68053,0.0984292,14.1201,6.38442,-0.579038,0.0573245,-8.45655,-1.74591,-0.0367978,-0.0983174,-7.27837,0.958648596,0.928849429
35,4.287352641,12.2205,0.819673,1.55171,0.0918468,14.516,6.14996,-0.564052,0.0479984,-8.15957,-1.53251,-0.084349,-0.0943539,-7.32039,0.952260614,0.92122738
36,9.153896794,9.36894,0.694441,1.41028,0.0807627,14.4695,5.84258,-0.548961,0.0397249,-7.74437,-1.32946,-0.130957,-0.0923504,-7.34482,0.944172847,0.911391846
37,2.742526353,17.2622,2.80617,2.66106,0.0672941,10.3107,8.9261,0.334655,-0.0729574,-1.46521,7.8178,1.01239,0.0633085,-5.67532,0.908856187,0.900310374
38,3.134792041,15.7549,2.71489,2.59517,0.057847,11.7076,8.82063,0.315191,-0.0638413,-2.40592,7.8045,0.963349,0.0648344,-5.82159,0.903831866,0.893789259
39,3.776044276,14.0403,2.62009,2.50732,0.0499542,12.9983,8.65453,0.300057,-0.0538847,-3.38873,7.78194,0.909004,0.0676152,-5.95244,0.898750077,0.887265185
40,5.031414925,12.1126,2.5218,2.40232,0.0413997,14.1201,8.42466,0.276148,-0.0415575,-4.34732,7.74137,0.841014,0.0682048,-6.06754,0.892116659,0.880531039
41,8.50757055,9.97252,2.41996,2.27566,0.0334309,14.9536,8.12479,0.252715,-0.0301781,-5.21809,7.67423,0.765051,0.0671646,-6.16681,0.883857726,0.872761325
42,62.70529964,7.6282,2.31459,2.13124,0.0271613,15.4188,7.73547,0.230319,-0.0180755,-5.91679,7.57284,0.678676,0.0672285,-6.25043,0.875282721,0.865172096
43,1.753717408,26.8785,0.107629,1.76061,0.0907425,17.4625,4.11569,-0.105705,-0.0321623,-4.14849,2.10995,-0.191937,-0.101411,-9.19967,0.745545423,0.919290272
44,1.919190559,23.7986,-0.142156,1.64139,0.0835255,17.5758,3.93604,-0.184396,-0.0251523,-4.39878,2.08633,-0.203714,-0.0946182,-9.41235,0.724832119,0.906316471
45,2.158600582,20.449,-0.386077,1.48872,0.0782093,16.9377,3.67217,-0.265607,-0.0202425,-4.54069,2.0772,-0.213152,-0.0892094,-9.60643,0.703923271,0.892939715
46,2.579016753,16.8669,-0.619469,1.31044,0.0642778,15.5928,3.3503,-0.359837,-0.0197625,-4.57864,2.07802,-0.23091,-0.0912537,-9.7796,0.682609027,0.877779393
47,3.544456111,13.1073,-0.83775,1.10796,0.0476209,13.5639,2.96634,-0.453164,-0.0207336,-4.4754,2.08383,-0.249909,-0.094976,-9.92981,0.661089702,0.860921378
48,8.434375118,9.24205,-1.03683,0.896185,0.0332351,11.0957,2.53096,-0.528716,-0.0206151,-4.29557,2.08951,-0.264243,-0.0957115,-10.0553,0.639088672,0.842775231
49,1.538661761,30.3423,3.07176,2.05459,0.111825,20.2679,6.44479,-0.180239,0.0322062,7.23771,2.27503,-0.492575,-0.0527109,-7.13919,0.656541276,0.653759788
50,1.706811283,26.5877,3.01141,1.93343,0.102649,20.6651,6.11142,-0.178847,0.032557,6.63603,1.96313,-0.484214,-0.0342892,-7.14573,0.637396549,0.637271015
51,1.953192974,22.5407,2.9461,1.7734,0.0894956,20.1961,5.66799,-0.173625,0.0333531,5.85877,1.63187,-0.466475,-0.0174631,-7.11039,0.618643617,0.619761939
52,2.367890801,18.2574,2.8759,1.56905,0.0742667,18.6945,5.10459,-0.167661,0.0377967,5.07282,1.269,-0.441692,0.000687459,-7.03493,0.600359871,0.602298084
53,3.267582148,13.8175,2.80151,1.30822,0.056892,15.9975,4.34988,-0.147229,0.0409599,3.79577,0.867883,-0.396851,0.0154974,-6.92183,0.582724278,0.586118793
54,8.13912708,9.32109,2.72437,1.02929,0.0373367,12.6497,3.49052,-0.126043,0.0398808,2.19934,0.430357,-0.349326,0.0225941,-6.77418,0.565901297,0.569788294
55,5.349506652,16.7991,2.85143,2.21447,0.55506,7.89437,8.23803,0.680939,-0.114334,-4.49203,18.195,0.901038,0.191141,-9.66997,0.960931398,0.974596551
56,5.89216979,15.6694,2.73194,2.15759,0.530258,9.85782,8.14966,0.650344,-0.0874443,-5.69274,16.7436,0.808536,0.163024,-10.0384,0.953142568,0.96884555
57,6.79431444,14.2559,2.62838,2.07815,0.503496,11.7637,7.98622,0.630217,-0.0632286,-6.90608,15.3216,0.710528,0.134073,-10.3872,0.944911727,0.962439575
58,8.521670695,12.5319,2.5468,1.9728,0.470139,13.4248,7.73802,0.610996,-0.0402144,-7.99454,13.9581,0.599472,0.10258,-10.702,0.935809738,0.955829119
59,12.97142572,10.4778,2.4924,1.83877,0.430826,14.6295,7.38599,0.594977,-0.0172122,-8.93177,12.6769,0.476479,0.0712646,-10.9696,0.923905487,0.948991818
60,46.93909169,8.08546,2.46861,1.67361,0.383276,15.1592,6.90407,0.570499,0.00527283,-9.60628,11.494,0.337209,0.0387815,-11.1788,0.911160128,0.941710412
61,1.104260569,29.7403,-0.805075,1.61318,0.23506,17.7932,5.37166,-0.337964,0.0499126,-2.64771,-8.42515,-0.233175,-0.0520332,-4.43456,0.787208833,0.7446395
62,1.182809848,26.3616,-0.94861,1.48551,0.216852,17.9414,5.03946,-0.447353,0.0501649,-2.78146,-7.80799,-0.233164,-0.0606857,-4.92809,0.766755407,0.722347849
63,1.317855507,22.6013,-1.08845,1.34633,0.196622,17.4633,4.65521,-0.545305,0.0426028,-2.96155,-7.11972,-0.225509,-0.0689326,-5.4371,0.745639207,0.698550909
64,1.57466023,18.4982,-1.22027,1.19434,0.178157,16.3159,4.20861,-0.644012,0.0290327,-3.30328,-6.39017,-0.216596,-0.0757887,-5.95153,0.72424901,0.676851338
65,2.196625248,14.1178,-1.33956,1.03014,0.157462,14.5382,3.72513,-0.74239,0.011031,-3.66869,-5.65077,-0.209337,-0.0827752,-6.45992,0.702025719,0.656479766
66,5.453706208,9.55294,-1.44237,0.860701,0.136975,12.3062,3.22913,-0.840036,-0.00934737,-3.92391,-4.93322,-0.203007,-0.0904603,-6.95003,0.679272948,0.638406267
67,4.113655267,30.3029,7.09878,2.75638,0.142919,20.7702,8.34931,1.01917,-0.00930598,-4.76307,5.56725,0.0251826,-0.0109594,-14.8226,0.915016123,0.862280033
68,4.549846454,27.2342,6.95614,2.671,0.124273,23.2813,8.21282,1.02964,0.000390859,-5.15293,4.58033,-0.0432537,-0.00646302,-15.2416,0.901577716,0.842133011
69,5.240208038,23.7086,6.78675,2.56393,0.106073,25.3912,8.03917,1.02365,0.0116639,-5.29058,3.61656,-0.106922,0.000495723,-15.6399,0.88826354,0.82154814
70,6.452154138,19.7431,6.58927,2.42748,0.0920692,26.8265,7.80517,1.00331,0.0285439,-5.1853,2.68208,-0.159699,0.0144312,-16.012,0.875300447,0.800379469
71,9.101637822,15.3766,6.36351,2.25694,0.0711925,27.3296,7.46658,0.952418,0.0355948,-5.09827,1.78498,-0.207688,0.0172167,-16.3529,0.862272538,0.778495943
72,19.42524673,10.6736,6.11106,2.04755,0.0526648,26.6718,7.00223,0.884803,0.0386605,-4.96532,0.935492,-0.241979,0.0180151,-16.6574,0.848634284,0.756195418
73,5.138271714,18.9355,2.1415,3.453,0.010455,14.9775,10.3149,1.18853,-0.147317,-0.0649878,4.29782,0.527626,0.0367871,-6.13756,0.924379039,0.928645945
74,5.719423867,17.4415,1.85477,3.36759,0.000195831,18.3267,10.2681,1.17868,-0.135232,-1.17619,3.98911,0.506309,0.033821,-6.62529,0.910727989,0.916590094
75,6.672068293,15.6184,1.55394,3.243,-0.00623741,21.3712,10.1307,1.15535,-0.119972,-2.19847,3.69962,0.484316,0.0327686,-7.09375,0.895203958,0.900582412
76,8.503222924,13.4551,1.24042,3.08189,-0.0132184,23.8838,9.92165,1.10319,-0.102045,-2.9542,3.42447,0.453625,0.0309227,-7.53842,0.878069467,0.88267481
77,13.28771449,10.9478,0.916418,2.88143,-0.0163734,25.5604,9.6143,1.04026,-0.0803811,-3.31317,3.15805,0.426534,0.0340237,-7.95513,0.860167609,0.863875973
78,54.41026231,8.10114,0.58532,2.64134,-0.0186137,26.1942,9.17324,0.954026,-0.0589496,-3.44105,2.89484,0.395693,0.0355673,-8.34005,0.840963247,0.844987322
79,2.246495296,25.779,2.28395,2.68022,0.162324,22.6155,8.70266,0.896764,0.0158359,-6.39597,4.56364,-0.0550188,0.0179022,-10.6538,0.901990064,0.901341051
80,2.466441966,22.9459,2.26751,2.51647,0.145369,23.9618,8.27462,0.813112,0.0199357,-6.42315,3.81544,-0.134641,0.00574903,-10.803,0.888376875,0.888973725
81,2.818337376,19.7243,2.24763,2.30933,0.12651,24.3301,7.73025,0.70218,0.0218821,-6.1305,3.14738,-0.211222,-0.00582503,-10.9108,0.874174761,0.876184684
82,3.497221546,16.129,2.22406,2.06217,0.105511,23.5815,7.09621,0.546475,0.0176954,-5.35335,2.57578,-0.29036,-0.0212095,-10.9761,0.859825648,0.865801634
83,5.345496791,12.1958,2.19695,1.77276,0.0773345,21.5597,6.30411,0.379159,0.00710509,-4.41118,2.11678,-0.361552,-0.0400802,-10.9984,0.84473503,0.854077977
84,30.14167802,7.9852,2.16692,1.43654,0.0508275,18.215,5.29856,0.254575,-0.00290333,-3.61478,1.78576,-0.400421,-0.0529991,-10.9784,0.82983979,0.842327685
85,1.221617408,41.901,0.828851,3.20767,0.198844,2.35608,8.94868,1.60218,-0.24983,3.2275,-4.99665,-0.259915,-0.180835,-7.46764,0.982113151,0.971179817
86,1.215281678,41.218,0.747517,3.136,0.185155,5.76731,8.73019,1.38632,-0.2201,1.61819,-5.84912,-0.324741,-0.205018,-8.47637,0.967070765,0.933756137
87,1.237629088,22.9643,-0.206101,1.57523,0.104364,12.2518,5.35982,-0.157791,0.0215301,-1.01802,-5.14501,-0.109882,-0.0744379,-12.418,0.756444561,0.657200873
88,1.269433012,18.2929,-0.31746,1.15257,0.0762231,8.80308,3.92622,-0.3335,0.0508054,-1.03589,-4.66534,-0.0894719,-0.0334181,-12.5198,0.701818676,0.593666291
89,1.237960583,13.7476,-0.357395,0.669914,0.0447996,4.75347,2.26192,-0.440724,0.0653094,-0.954882,-4.28008,-0.0786228,-0.00257367,-12.4531,0.644099964,0.530593455
90,1.3955506,9.62298,-0.312861,0.27662,0.0226202,1.73772,0.975352,-0.493427,0.0651749,-0.769546,-3.94892,-0.0860468,0.00929175,-12.2376,0.583827327,0.464129845
91,1.583998945,25.1912,0.605401,2.14273,0.177851,18.7997,6.53423,0.257542,0.0310162,-2.58579,-6.3554,0.307661,0.161143,-4.97292,0.804266065,0.729340786
92,1.770408584,22.3002,0.439341,2.02843,0.165577,19.935,6.35116,0.165342,0.0370289,-2.61125,-5.7648,0.243795,0.136778,-5.19356,0.785759603,0.705551005
93,2.08347034,19.0863,0.27576,1.89688,0.150442,20.4752,6.11081,0.0779232,0.0357222,-2.61344,-5.11779,0.18904,0.109859,-5.38817,0.765606923,0.681947923
94,2.689672909,15.5738,0.118212,1.74032,0.137663,20.1941,5.80502,0.0183914,0.0314801,-2.48889,-4.43411,0.151597,0.0881895,-5.5553,0.744322211,0.657505538
95,4.381535093,11.8094,-0.0292869,1.56641,0.123736,19.1234,5.44489,-0.0219674,0.0249253,-2.17316,-3.73469,0.122374,0.0686603,-5.6938,0.722610394,0.631673846
96,29.7901476,7.86289,-0.162528,1.36788,0.10573,17.1956,4.95506,-0.0892013,0.0169703,-2.18315,-3.04075,0.0940888,0.0485022,-5.80267,0.701329828,0.607246599
97,2.187131681,25.4741,2.67997,2.28867,0.437565,17.8662,6.90341,0.628569,-0.0636528,2.05032,10.4908,0.491764,0.204726,-9.81318,0.767392794,0.929466244
98,2.399392843,23.0432,2.63597,2.19365,0.417591,19.1947,6.77029,0.604227,-0.0522107,0.84711,10.1407,0.439033,0.178886,-9.76877,0.748064854,0.922359215
99,2.726706051,20.3266,2.60052,2.08246,0.394298,20.1123,6.60386,0.563474,-0.0411416,-0.204485,9.756,0.376086,0.1507,-9.69281,0.728827624,0.914971536
100,3.280884988,17.3339,2.57343,1.95036,0.368902,20.4703,6.37155,0.512546,-0.029307,-1.18098,9.32925,0.305469,0.12307,-9.58465,0.709556798,0.907294954
101,4.40919141,14.0865,2.55362,1.79325,0.338369,20.1305,6.03201,0.454911,-0.0197727,-2.18535,8.85664,0.227549,0.0928375,-9.4443,0.69048083,0.89908734
102,8.020813502,10.6192,2.53911,1.61658,0.301304,19.0869,5.59375,0.381671,-0.0104883,-3.08542,8.33956,0.137353,0.0619849,-9.27251,0.672180936,0.890244137
103,2.176376376,30.818,2.26652,2.42625,0.316293,9.50521,6.02569,0.684331,-0.092198,-7.91341,-4.26384,1.03551,0.273472,-5.64683,0.83787691,0.491749808
104,2.326610307,28.1589,2.23208,2.32242,0.303562,11.5786,6.01285,0.56731,-0.0668699,-7.70934,-4.39834,0.875475,0.23262,-5.99262,0.80966225,0.539719072
105,2.535029917,24.8662,2.21772,2.15601,0.28118,13.0075,5.81641,0.420151,-0.0444465,-7.18957,-4.4597,0.702317,0.182677,-6.3003,0.780765259,0.594278162
106,2.869734534,20.9499,2.2188,1.9228,0.253055,13.3939,5.42863,0.268167,-0.0276326,-6.26808,-4.45147,0.529654,0.131443,-6.55128,0.750677565,0.644907945
107,3.555250912,16.4906,2.23027,1.62913,0.216263,12.4866,4.83265,0.124047,-0.0179264,-5.01193,-4.37967,0.365693,0.0808338,-6.72906,0.721191974,0.693289073
108,5.765024009,11.6602,2.24786,1.27537,0.162846,10.2,3.99019,-0.0476511,-0.00601154,-3.70313,-4.2515,0.204033,0.0319638,-6.82063,0.691618212,0.738307669
109,1.343165358,45.318,5.48496,2.60546,0.285043,15.6072,6.08801,1.27367,-0.0547441,-6.17535,17.3186,0.18473,-0.0856674,-10.4194,0.930685023,0.821910926
110,1.440987397,40.9564,5.67785,2.51523,0.254073,18.5906,5.70465,1.11724,-0.0837646,-6.20668,13.9297,-0.0971417,-0.118203,-10.8809,0.909311907,0.78006901
111,1.627413839,35.2291,5.84887,2.40737,0.23901,21.2227,5.58016,0.772073,-0.120486,-4.95816,10.7687,-0.393511,-0.138257,-11.2848,0.886391156,0.738086893
112,1.968914897,28.1348,5.9506,2.22887,0.220642,22.7216,5.14464,0.680125,-0.15706,-4.65878,7.9783,-0.539896,-0.149157,-11.6139,0.862824535,0.696147615
113,2.727577027,19.9278,5.92086,1.92631,0.181179,21.876,4.41904,0.678908,-0.181784,-4.4819,5.67222,-0.604805,-0.155969,-11.8542,0.839661199,0.654461476
114,6.451914786,11.2241,5.70743,1.46085,0.113895,17.5291,3.5133,0.565357,-0.193699,-3.38442,3.95506,-0.649198,-0.156556,-11.9965,0.808074925,0.606754525
115,3.762620926,22.439,9.51577,3.27924,0.345745,14.7457,8.92556,1.10498,-0.0578255,-0.697279,20.7561,1.4311,0.435562,-11.667,0.876068877,0.789257447
116,4.175648965,20.4565,9.11944,3.18468,0.315921,16.3275,8.80312,1.12455,-0.057566,-0.922147,19.964,1.36022,0.419944,-11.9728,0.865811565,0.774255332
117,4.780868826,18.2664,8.69484,3.06266,0.284887,17.6744,8.62681,1.13488,-0.057501,-1.09597,19.1536,1.28085,0.40053,-12.2711,0.855167701,0.758688297
118,5.776835724,15.8765,8.24378,2.91856,0.249383,18.7104,8.39524,1.11615,-0.0566148,-1.13742,18.3297,1.17975,0.375942,-12.5613,0.844972863,0.741937043
119,7.713060877,13.3006,7.76945,2.75157,0.214085,19.3191,8.10414,1.08322,-0.0518286,-1.10575,17.4975,1.06927,0.351847,-12.843,0.835094295,0.724493988
120,13.08986707,10.5591,7.27653,2.56319,0.179263,19.4368,7.75994,1.01773,-0.0470048,-0.89235,16.6623,0.940663,0.325449,-13.1152,0.824294249,0.706987493
121,3.770584148,22.5436,5.79732,1.5534,-0.10058,12.4226,3.78617,0.391944,-0.0288317,-2.30737,8.64522,-0.303326,-0.0556619,-7.23158,0.771893453,0.681708573
122,4.182297177,19.4206,5.84475,1.38508,-0.0946644,10.8337,3.36053,0.448024,-0.0343922,-2.24568,8.34799,-0.253454,-0.0552505,-7.16964,0.757323659,0.663615168
123,4.829601338,16.3949,5.88237,1.21296,-0.0875252,9.1521,2.95714,0.472982,-0.0406252,-2.08633,8.10559,-0.214148,-0.0577926,-7.0981,0.742607679,0.644507701
124,5.99827485,13.5202,5.91094,1.04089,-0.0817612,7.45,2.5645,0.476852,-0.0466928,-1.85388,7.91575,-0.182967,-0.0610399,-7.01756,0.727209501,0.62419454
125,8.635862859,10.8439,5.93135,0.862536,-0.0736693,5.76162,2.12917,0.503681,-0.0506487,-1.6872,7.77688,-0.14096,-0.0654714,-6.92868,0.708001648,0.601162577
126,21.78046595,8.40518,5.94426,0.688174,-0.0665041,4.20681,1.69338,0.520856,-0.0552908,-1.49052,7.68798,-0.103773,-0.0714468,-6.83215,0.686942115,0.576968836
1,6.947606382,20.724,4.65066,2.77332,0.0738907,10.0677,9.24651,0.62519,-0.115867,-2.2114,-4.31431,0.955075,0.137498,-14.9865,0.98171097,0.970489423
2,7.593879686,19.2684,4.38899,2.7164,0.0647495,12.2737,9.17668,0.633717,-0.113763,-2.58148,-4.24548,0.882654,0.130187,-15.5117,0.98742892,0.961210948
3,8.574319482,17.5185,4.09488,2.63475,0.0573837,14.3685,9.0389,0.653962,-0.112635,-2.88885,-4.11675,0.811527,0.123332,-16.0188,0.990724098,0.949528321
4,10.22225819,15.4725,3.76939,2.53033,0.0491977,16.2388,8.83969,0.680962,-0.110418,-3.03039,-3.93571,0.735775,0.115218,-16.5051,0.99276322,0.937352455
5,13.46675896,13.1352,3.41487,2.40009,0.0415904,17.7194,8.56846,0.713122,-0.104961,-3.07309,-3.71194,0.661767,0.107929,-16.9684,0.994324094,0.925049401
6,22.60791831,10.5182,3.03511,2.24484,0.0340455,18.691,8.20686,0.738254,-0.096412,-3.05548,-3.45702,0.588521,0.0986216,-17.4063,0.995827158,0.911189078
7,6.002037609,23.5659,-1.2551,2.78419,0.119841,15.8963,9.53036,0.363067,-0.101344,-1.87893,-8.50146,0.212788,0.149417,-8.71927,0.930566692,0.928525308
8,6.481553605,21.7883,-1.42734,2.69481,0.117211,18.3112,9.37955,0.36505,-0.0950046,-2.72373,-8.09656,0.198327,0.136,-9.08313,0.920077239,0.918626773
9,7.213176938,19.6533,-1.59856,2.57624,0.112347,20.2946,9.14211,0.353821,-0.0824535,-3.48997,-7.6718,0.174375,0.118591,-9.44119,0.909350505,0.908174795
10,8.426015065,17.1543,-1.76327,2.42171,0.103678,21.5777,8.78727,0.32928,-0.063182,-4.07824,-7.24149,0.140354,0.0985175,-9.78681,0.897678738,0.896246973
11,10.82170617,14.3013,-1.91547,2.23215,0.0909248,21.9758,8.32374,0.28498,-0.0386919,-4.3599,-6.82182,0.0948825,0.0751798,-10.113,0.882308662,0.884163496
12,17.68052614,11.1245,-2.0489,2.01585,0.0758174,21.4349,7.73351,0.220839,-0.0125224,-4.39503,-6.42913,0.042199,0.0503706,-10.4126,0.864995336,0.871307506
13,1.702889861,30.9245,1.36461,2.36524,0.0365097,21.0601,8.28015,0.382403,-0.0356923,-7.68364,-2.68463,-0.0637613,-0.0410973,-12.2702,0.763195767,0.743888789
14,1.81239031,27.8849,1.03877,2.21738,0.0394241,22.8042,7.88652,0.298023,-0.0186272,-7.25809,-3.0976,-0.102907,-0.0292385,-12.7956,0.753300808,0.723776803
15,1.970102218,24.4265,0.699632,2.03007,0.0428588,23.7724,7.38398,0.227702,-0.0125757,-6.6257,-3.43764,-0.121764,-0.0256819,-13.2931,0.743489451,0.702937485
16,2.246739452,20.5177,0.353622,1.81142,0.0407221,23.6697,6.76975,0.144749,-0.00700079,-5.79559,-3.71324,-0.141127,-0.0245475,-13.7599,0.733134678,0.682209955
17,2.833555429,16.149,0.0100592,1.55303,0.0383286,22.2036,6.00307,0.0643266,-0.00944092,-4.94389,-3.9348,-0.149458,-0.0294286,-14.1929,0.722454452,0.66128715
18,4.972398447,11.3469,-0.318722,1.26835,0.0340202,19.4258,5.10184,-0.0185027,-0.0155454,-4.00296,-4.11326,-0.152398,-0.0376108,-14.5896,0.711263653,0.640307743
19,2.142459565,24.3065,-1.78237,2.34662,-0.104723,20.7517,7.51312,0.137689,0.0660678,-2.52466,-6.41022,-0.130849,0.00217423,-10.6229,0.857256684,0.883676157
20,2.39957978,21.6387,-1.94958,2.23681,-0.0881759,21.0249,7.27465,0.105729,0.0640055,-2.5074,-5.96411,-0.097244,0.00112302,-10.8002,0.841660236,0.873714893
21,2.80103815,18.7923,-2.10349,2.11366,-0.0737575,20.916,6.9985,0.0734645,0.057768,-2.52187,-5.54017,-0.0689944,-0.00294366,-10.967,0.824178642,0.863203006
22,3.514911437,15.7838,-2.24013,1.97877,-0.0625935,20.4292,6.67626,0.0399191,0.0489785,-2.50306,-5.14604,-0.0474449,-0.00938745,-11.1208,0.804261437,0.852498595
23,5.103056554,12.6334,-2.35566,1.82657,-0.0517707,19.4996,6.28583,0.00393283,0.0392986,-2.45052,-4.78868,-0.0324546,-0.0160188,-11.2591,0.783844041,0.841085689
24,11.81745532,9.36546,-2.44671,1.66096,-0.0483982,18.1937,5.80565,-0.0501595,0.02416,-2.47467,-4.47389,-0.0383772,-0.0267041,-11.3797,0.76457784,0.828398266
25,3.515220332,22.1872,1.74704,2.53441,0.221325,14.6829,8.80925,0.264363,0.0274741,-3.84028,8.12336,0.602986,0.190784,-7.73062,0.911114307,0.910108242
26,3.831939317,20.2649,1.50477,2.42227,0.210081,15.9869,8.57524,0.264837,0.0253888,-4.23068,8.23588,0.583537,0.187784,-8.00015,0.90036733,0.894501185
27,4.318962584,18.1065,1.26252,2.29286,0.201574,16.9699,8.27588,0.276332,0.021384,-4.4658,8.36487,0.56725,0.184704,-8.24733,0.889266299,0.878374911
28,5.160536061,15.7121,1.02234,2.15061,0.192384,17.5879,7.91444,0.289378,0.0162695,-4.55181,8.49746,0.548909,0.178697,-8.47182,0.878818054,0.862480758
29,6.876882868,13.0877,0.786634,1.99038,0.185012,17.7138,7.48057,0.303502,0.0130847,-4.4406,8.62027,0.528082,0.173675,-8.67356,0.868244414,0.846470545
30,12.14260794,10.2463,0.558201,1.80914,0.17456,17.2591,6.96732,0.313461,0.0117152,-4.14364,8.72035,0.501024,0.167567,-8.85277,0.8571692,0.828652234
31,1.94701027,22.841,0.618483,2.14359,0.140015,14.148,6.82012,-0.637303,0.0767398,-4.85494,-12.0094,-0.239579,-0.0981945,-7.07569,0.955245354,0.930725653
32,2.113583601,20.8355,0.487143,2.04099,0.136463,15.3437,6.75063,-0.646608,0.0742433,-4.52652,-11.4541,-0.282019,-0.0982486,-7.2135,0.950419109,0.920565584
33,2.371138947,18.5611,0.351988,1.92017,0.130794,16.2032,6.65516,-0.635809,0.0706853,-3.93422,-10.8496,-0.312495,-0.0963896,-7.3203,0.944899962,0.908770611
34,2.823471195,16.0104,0.215653,1.78446,0.125538,16.6509,6.49321,-0.61267,0.06637,-3.17828,-10.2101,-0.329316,-0.0928939,-7.3939,0.939525171,0.894643679
35,3.78572612,13.1839,0.0813464,1.6326,0.118007,16.5796,6.25073,-0.576846,0.0618658,-2.28048,-9.55121,-0.331533,-0.0879396,-7.43246,0.93335643,0.87799891
36,7.090629493,10.0928,-0.0472263,1.46923,0.109391,15.9656,5.92303,-0.529428,0.0574364,-1.3894,-8.89025,-0.316465,-0.0799183,-7.43467,0.924964633,0.860027629
37,2.182374843,18.524,1.80444,2.37524,-0.00227156,11.1183,8.10031,-0.0670619,-0.0266457,-1.06906,8.13018,0.747905,0.0229602,-6.45674,0.824499027,0.693724743
38,2.463823473,16.8905,1.71979,2.30444,-0.00503463,12.4938,7.98324,-0.0920677,-0.0198431,-1.97049,7.93911,0.682405,0.0223412,-6.63122,0.81609939,0.668160706
39,2.91750092,15.0337,1.63584,2.2149,-0.00818829,13.6829,7.80775,-0.121858,-0.0122435,-2.85446,7.75637,0.605682,0.0206462,-6.78425,0.808555507,0.642239841
40,3.75996281,12.9523,1.55344,2.10191,-0.012277,14.5315,7.56388,-0.159556,-0.00218027,-3.59892,7.57006,0.512733,0.0188999,-6.91455,0.800772217,0.616292867
41,5.862416938,10.6555,1.47349,1.9629,-0.0158962,14.9097,7.21818,-0.197934,0.0076729,-4.39425,7.36666,0.415359,0.0149382,-7.02118,0.792668018,0.589307317
42,20.4839226,8.16458,1.39698,1.79713,-0.0191995,14.7003,6.75503,-0.238646,0.0169615,-4.91817,7.13284,0.303768,0.0108313,-7.10352,0.784843978,0.562028761
43,2.369183302,20.1453,-1.24947,1.59791,0.0589188,10.9971,3.87469,0.0387559,-0.0223579,-2.94879,1.97751,-0.122285,-0.0499449,-6.60564,0.717318272,0.792177767
44,2.6037501,18.0829,-1.47722,1.48483,0.0483891,10.8165,3.66806,-0.01826,-0.0220679,-2.96401,1.93194,-0.136556,-0.0519632,-6.82722,0.695972553,0.775721922
45,2.968271223,15.8927,-1.70283,1.35929,0.0403444,10.3776,3.42436,-0.0706172,-0.0196045,-2.87175,1.90413,-0.145556,-0.0506577,-7.03737,0.676297648,0.758824309
46,3.59475838,13.5866,-1.92203,1.21431,0.0292533,9.62831,3.14133,-0.122021,-0.0177932,-2.71891,1.89186,-0.155289,-0.0502525,-7.23411,0.660128596,0.740498314
47,5.045577167,11.1815,-2.13017,1.06189,0.0198212,8.66045,2.80751,-0.161256,-0.0175012,-2.5172,1.89245,-0.159845,-0.0502914,-7.41559,0.643024173,0.722329146
48,11.77683645,8.69971,-2.32248,0.905303,0.0109085,7.51162,2.45608,-0.193472,-0.0149642,-2.26127,1.90313,-0.16227,-0.0477571,-7.58012,0.625552029,0.703771223
49,1.562948204,29.947,2.81165,2.05412,0.210037,20.0233,6.73747,-0.154323,-0.00779077,3.62139,2.0853,-0.269726,-0.142017,-11.3135,0.672017488,0.81615193
50,1.757077358,26.5929,2.76856,1.99087,0.197644,21.2543,6.66305,-0.214015,-0.00134609,3.34711,1.8679,-0.334938,-0.134381,-11.3213,0.659084512,0.799131408
51,2.04287683,22.9381,2.72441,1.90054,0.180324,21.8481,6.4841,-0.275424,0.0017835,2.83599,1.61153,-0.395647,-0.127213,-11.2877,0.646053027,0.782801811
52,2.504957877,19.0227,2.6779,1.77106,0.163839,21.5705,6.17548,-0.312575,0.00395686,2.18825,1.30777,-0.436531,-0.112724,-11.2126,0.632650955,0.766758288
53,3.450258818,14.9052,2.62781,1.60564,0.14323,20.3515,5.74039,-0.339618,0.00522348,1.60281,0.953336,-0.465609,-0.0958811,-11.0963,0.620632717,0.751328735
54,6.704399865,10.6606,2.57325,1.40076,0.116021,18.1197,5.14396,-0.351192,0.00675611,1.02316,0.55114,-0.477948,-0.0765472,-10.9396,0.609440087,0.738048914
55,5.12899406,18.3386,4.76692,2.45402,0.690629,10.3797,8.34657,0.629804,-0.122639,-0.166531,18.5233,0.631559,0.0947564,-8.21834,0.984706331,0.978499678
56,5.725715219,17.0003,4.69692,2.4187,0.673359,12.3284,8.29663,0.690154,-0.108549,-1.10649,17.2641,0.573822,0.0798901,-8.24117,0.980929942,0.972746733
57,6.650625639,15.402,4.6236,2.35974,0.647685,14.1293,8.18985,0.754636,-0.0991943,-2.13538,15.9268,0.516317,0.0629033,-8.19608,0.976335257,0.966599651
58,8.289668896,13.5408,4.54941,2.28072,0.618277,15.6893,8.02674,0.823687,-0.0954275,-3.1846,14.5227,0.462898,0.0458544,-8.07974,0.971425481,0.960289853
59,11.86997258,11.4209,4.47632,2.17359,0.582284,16.8282,7.80272,0.871968,-0.0925257,-4.05915,13.0663,0.404256,0.028625,-7.89035,0.964216011,0.952978442
60,25.88146309,9.0547,4.40581,2.04062,0.535432,17.4269,7.506,0.87984,-0.0882288,-4.69552,11.5756,0.328169,0.0060892,-7.62775,0.956498634,0.944452078
61,1.080137242,27.2143,-1.76687,1.41297,0.13591,15.8938,5.67606,-0.10853,-0.0107228,-3.09533,-13.3483,-0.0903341,0.0116435,-7.12624,0.833543749,0.752563881
62,1.142903265,23.7157,-2.02526,1.24774,0.116305,14.4057,5.22154,-0.198348,0.0097494,-2.79369,-12.5753,-0.073716,0.00605501,-7.30716,0.824853207,0.729153448
63,1.235283466,20.0819,-2.26736,1.06353,0.093575,12.3302,4.61418,-0.316428,0.026655,-2.73546,-11.7829,-0.07027,-0.000514752,-7.46149,0.814950671,0.702163004
64,1.3917358,16.407,-2.48381,0.864783,0.0718383,9.83532,3.89639,-0.437262,0.0381397,-2.87226,-10.9991,-0.0705882,-0.00264655,-7.58887,0.805217998,0.674530388
65,1.72877973,12.7957,-2.66627,0.656661,0.0496525,7.15794,3.1128,-0.529129,0.0438228,-2.96025,-10.2513,-0.062546,-0.000541739,-7.6893,0.796072958,0.647001596
66,3.137483721,9.35439,-2.80844,0.452009,0.0322912,4.60236,2.31176,-0.582322,0.0471063,-2.88824,-9.56478,-0.0408427,0.00684932,-7.76316,0.787088599,0.61914595
67,4.56001535,29.3229,7.30676,2.93556,0.173175,23.0295,8.92845,0.968641,-0.0234456,-6.02124,5.3254,-0.0625511,-0.0618837,-13.9293,0.873278201,0.860049285
68,5.076463649,26.2407,7.27087,2.84161,0.161293,25.1591,8.79183,0.925917,-0.0186626,-6.10234,4.44093,-0.152234,-0.0654423,-14.321,0.854465676,0.836900751
69,5.876596222,22.7725,7.21533,2.7202,0.148411,26.7509,8.59475,0.878919,-0.0151286,-6.01289,3.59895,-0.230408,-0.0666744,-14.6867,0.835219622,0.813249247
70,7.280519232,18.9467,7.13414,2.57097,0.136727,27.6709,8.3307,0.811225,-0.00962585,-5.67932,2.80784,-0.302604,-0.06385,-15.0234,0.816282293,0.788984655
71,10.29390452,14.8106,7.02178,2.37847,0.117524,27.5979,7.92238,0.718691,-0.0119285,-5.43336,2.07638,-0.366364,-0.0682937,-15.3283,0.797344964,0.764243878
72,21.83039742,10.4318,6.87414,2.13835,0.0924504,26.3459,7.36228,0.602251,-0.0203483,-5.15183,1.41376,-0.421128,-0.0764728,-15.5991,0.777652244,0.741372127
73,4.516099054,20.8679,2.72416,3.51508,0.0690395,17.215,10.8352,0.89014,-0.0978244,-0.758504,4.02516,0.328847,0.00338722,-6.31095,0.918842935,0.906494877
74,4.999741571,19.1709,2.42909,3.42506,0.0546687,20.827,10.7872,0.841774,-0.0888165,-1.77485,3.67785,0.285387,-0.00160183,-6.79169,0.902315008,0.890186631
75,5.782349689,17.1247,2.12218,3.30195,0.0428198,24.139,10.6713,0.803689,-0.0824503,-2.63743,3.38181,0.255472,-0.0040802,-7.25696,0.883975049,0.871124254
76,7.225842281,14.716,1.8054,3.14118,0.0337884,26.8341,10.4711,0.776776,-0.076216,-3.28573,3.12699,0.239336,-0.00297407,-7.70091,0.865377012,0.851547592
77,10.71701538,11.9401,1.48138,2.94466,0.0231837,28.6392,10.192,0.72742,-0.065847,-3.49622,2.90018,0.219036,-0.000890397,-8.11773,0.846026708,0.834366414
78,29.91714711,8.80436,1.15389,2.70509,0.016146,29.2002,9.78866,0.674411,-0.0521436,-3.33218,2.68674,0.207498,0.00544699,-8.50161,0.824392146,0.817543883
79,2.551372731,23.0121,2.13454,2.61353,0.222838,19.3122,8.53502,1.40757,-0.0350744,-5.82914,11.4055,0.649179,0.161383,-5.6036,0.935915502,0.860805218
80,2.796015257,20.5999,2.11661,2.445,0.206995,20.4264,8.11323,1.31058,-0.0196595,-5.93677,10.4489,0.537437,0.137092,-5.75552,0.918719528,0.835317922
81,3.209885945,17.8747,2.09362,2.25314,0.187246,20.8651,7.61694,1.18986,-0.00655691,-5.79016,9.50965,0.419393,0.112305,-5.88057,0.9014681,0.809830626
82,3.99992015,14.8534,2.06421,2.02694,0.160381,20.4176,7.02911,1.04838,0.000879147,-5.40124,8.60203,0.298365,0.0841153,-5.97641,0.884256903,0.78617357
83,6.116914382,11.5649,2.02743,1.77144,0.132849,19.0661,6.32912,0.901826,0.00727381,-4.86385,7.74274,0.18339,0.0594546,-6.0412,0.866848902,0.761559698
84,28.60496204,8.05184,1.98311,1.49365,0.103571,16.8674,5.524,0.736844,0.0114141,-4.11944,6.9506,0.0688389,0.0367439,-6.07345,0.849374573,0.736384026
85,1.179205113,43.4025,0.640498,3.21261,0.14872,-0.343095,9.06312,1.72491,-0.363602,4.92548,-7.82339,-0.124575,-0.157558,-5.51081,1,1
86,1.200014863,43.3177,0.529674,3.26266,0.138549,2.49451,9.35638,1.72609,-0.357001,4.36394,-9.15112,-0.164806,-0.165103,-6.47847,0.985740273,0.973135676
87,1.199806305,42.6835,0.3701,3.21226,0.117385,6.13423,9.41783,1.63303,-0.334194,3.34236,-10.2011,-0.192114,-0.164227,-7.47028,0.969276068,0.942578151
88,1.313203479,21.8191,-1.44358,1.55546,0.0121399,15.0118,5.82648,0.051412,0.0568487,0.924383,-7.90123,0.0741188,0.00851897,-12.034,0.792887094,0.651366696
89,1.521994651,15.7257,-1.6597,1.06875,0.0208158,10.1141,3.99029,-0.105382,0.0762748,0.188995,-6.76743,0.137063,0.0490057,-12.3223,0.752728618,0.585882823
90,2.715980188,9.76488,-1.73323,0.570825,0.0260352,4.99269,2.17561,-0.234455,0.0813864,-0.346927,-5.83359,0.149107,0.0694186,-12.4485,0.710679123,0.513751795
91,1.565882492,27.2121,0.715538,2.34069,0.121888,17.1601,7.04783,0.426177,0.0335984,-1.69608,-5.45573,0.316205,0.159438,-4.13993,0.740118545,0.595982103
92,1.70518649,24.7436,0.491187,2.25251,0.115681,19.091,6.8901,0.325717,0.0420626,-1.88404,-4.94316,0.254821,0.140179,-4.4152,0.725218328,0.579487279
93,1.916678767,21.9371,0.251893,2.14559,0.10487,20.6841,6.67779,0.227304,0.0432081,-2.23524,-4.36933,0.211239,0.11952,-4.66067,0.710314827,0.562710199
94,2.285657892,18.7791,0.00130831,2.0289,0.098001,21.8139,6.46889,0.165806,0.0434024,-2.26842,-3.75181,0.187675,0.106053,-4.87389,0.69440593,0.546143691
95,3.024065224,15.2699,-0.254996,1.88684,0.0912569,22.1709,6.23224,0.126197,0.0404296,-2.11326,-3.10864,0.181502,0.0940068,-5.05282,0.67706451,0.529613025
96,5.247997864,11.4311,-0.509377,1.7213,0.0845108,21.6364,5.91243,0.0754714,0.0369069,-2.03618,-2.45748,0.182107,0.0822855,-5.19589,0.659854513,0.512269939
97,2.203883929,23.6044,3.95125,2.08262,0.411791,17.8278,6.30379,0.742707,-0.0374508,-3.48127,13.0379,0.462239,0.150665,-10.2697,0.830582227,0.913168911
98,2.45678186,20.918,3.92442,1.95744,0.388789,18.3055,6.06487,0.723843,-0.0320095,-4.01452,12.5389,0.410964,0.12915,-10.2869,0.814392237,0.900833346
99,2.876410396,17.9846,3.88928,1.81666,0.358091,18.3389,5.7711,0.687145,-0.0305135,-4.38192,11.9904,0.350814,0.100425,-10.2724,0.797970718,0.88833707
100,3.68462885,14.8218,3.84444,1.65658,0.324646,17.8449,5.39264,0.634948,-0.026644,-4.64134,11.3966,0.282063,0.0722923,-10.2261,0.781171263,0.87537042
101,5.884061815,11.456,3.78854,1.47987,0.286778,16.794,4.94022,0.580614,-0.0187229,-4.86384,10.7644,0.209991,0.0485249,-10.1481,0.76535921,0.861996112
102,33.41428195,7.92364,3.7205,1.29332,0.24349,15.256,4.42039,0.514025,-0.00938402,-5.01242,10.1033,0.129997,0.0251878,-10.0394,0.750623085,0.848343499
103,3.083830786,25.9659,1.44362,2.77615,0.230188,8.28463,6.3044,0.844431,-0.0334981,-2.38341,-3.31,0.78703,0.280564,-8.9422,0.875286298,0.890871187
104,3.349583611,23.8273,1.29216,2.69012,0.227939,10.3382,6.3106,0.755324,-0.0050175,-2.82363,-3.30378,0.670531,0.25413,-9.57924,0.85599018,0.917679441
105,3.734429301,21.2192,1.16908,2.54913,0.223881,12.0377,6.16084,0.649728,0.0182239,-3.15516,-3.25632,0.545229,0.218726,-10.1885,0.838991931,0.938920829
106,4.380204134,18.1332,1.07562,2.3523,0.215482,13.0957,5.85323,0.526046,0.0348968,-3.28554,-3.20805,0.411347,0.176327,-10.7452,0.824201734,0.952670239
107,5.740825689,14.5915,1.01275,2.1011,0.197093,13.2562,5.38607,0.372599,0.0426847,-3.17394,-3.19109,0.264653,0.126334,-11.2229,0.805564288,0.964159025
108,10.54539674,10.6582,0.981731,1.80404,0.175453,12.395,4.75598,0.212855,0.0415622,-2.92848,-3.22281,0.127991,0.0781257,-11.5958,0.787428332,0.974328572
109,1.52123783,44.472,4.6718,2.89442,0.22054,15.3725,7.01632,1.13179,-0.0428598,-3.08737,18.441,0.321895,0.00829796,-8.29566,0.881085813,0.868811358
110,1.623876988,40.3618,4.71318,2.79053,0.207364,19.358,6.74666,1.04929,-0.0486517,-3.2869,15.2252,0.0948546,-0.000800596,-8.62503,0.849498533,0.83088841
111,1.805422246,34.9771,4.77293,2.64902,0.205549,22.8235,6.53574,0.809409,-0.0574636,-2.44653,12.151,-0.148253,-0.00412913,-8.92229,0.813933976,0.783859453
112,2.152122686,28.2557,4.83129,2.44935,0.202018,24.8923,6.00047,0.689393,-0.0677019,-2.65043,9.34403,-0.321496,-0.012606,-9.17015,0.775156679,0.734467346
113,2.930763927,20.3656,4.84776,2.13829,0.18008,24.1664,5.17405,0.643373,-0.0806328,-3.44826,6.92107,-0.441911,-0.0287679,-9.35429,0.734993714,0.680682028
114,6.376244264,11.8734,4.77264,1.67835,0.132621,19.6256,4.27103,0.418982,-0.105001,-3.00819,5.01482,-0.577869,-0.0515605,-9.46537,0.710434418,0.619982805
115,4.993549438,16.3232,10.7349,2.65006,0.173851,8.23885,8.69953,0.664316,-0.103156,-0.789814,24.7419,1.75209,0.296346,-14.2217,0.967987589,0.728424762
116,5.747855047,14.9375,10.3995,2.59458,0.154655,9.12967,8.5863,0.721532,-0.0951113,-1.47618,23.9358,1.72094,0.283429,-14.5588,0.959738475,0.718690622
117,6.972070631,13.4046,10.0365,2.52938,0.140424,10.0293,8.44599,0.769761,-0.0872966,-2.02526,23.0946,1.66739,0.275412,-14.8948,0.950789007,0.70853509
118,9.288063454,11.7197,9.64874,2.45491,0.121478,10.918,8.27959,0.80539,-0.077105,-2.57865,22.2233,1.59567,0.261965,-15.2294,0.941617908,0.697988814
119,15.21860374,9.88093,9.23942,2.36716,0.104925,11.7198,8.08523,0.830937,-0.0660574,-3.02833,21.327,1.50602,0.250291,-15.562,0.932291667,0.686745326
120,62.40351947,7.89054,8.81224,2.26476,0.0868105,12.38,7.85445,0.847002,-0.0535632,-3.46223,20.4115,1.40275,0.235384,-15.8916,0.922362589,0.674934876
121,2.742303836,19.4836,4.73747,0.912707,-0.00179218,6.45874,2.26805,0.127543,-0.0993717,-2.01537,4.32718,-0.344597,-0.0482301,-8.99215,0.931654676,0.781424334
122,2.861588141,17.0059,4.81533,0.76533,0.000626439,5.21744,1.92877,0.201772,-0.103125,-2.12235,4.14987,-0.298131,-0.0544085,-8.90016,0.923677294,0.756709391
123,3.003618043,14.6554,4.90422,0.613843,0.000261008,3.93463,1.56145,0.287645,-0.106086,-2.20177,4.08083,-0.25103,-0.0635846,-8.79951,0.915182245,0.730198384
124,3.221184418,12.4793,5.00377,0.467216,-0.00140092,2.73511,1.20999,0.36659,-0.105813,-2.14203,4.11708,-0.208432,-0.0711809,-8.69048,0.903707292,0.701532098
125,3.713028953,10.5167,5.11296,0.337075,-0.00336671,1.73525,0.914528,0.431173,-0.103495,-1.92011,4.25727,-0.171053,-0.0764501,-8.57349,0.885502668,0.670166272
126,5.479472774,8.79678,5.23018,0.23362,-0.00312577,1.00687,0.697587,0.478924,-0.100329,-1.58463,4.5026,-0.139908,-0.0795709,-8.44915,0.863010698,0.637107791
1,6.27300622,21.665,3.05238,2.67075,0.0227139,12.339,9.60314,0.407289,-0.132681,-3.06075,-6.67116,0.88321,0.122077,-14.4867,0.969074445,0.945483835
2,6.868407644,19.9288,2.69257,2.58648,0.0143119,14.488,9.44728,0.42306,-0.135013,-3.35983,-6.51649,0.816161,0.116563,-14.9519,0.960786618,0.935134524
3,7.797753658,17.9026,2.30508,2.48285,0.00530011,16.4483,9.22987,0.449082,-0.134758,-3.55619,-6.28584,0.746497,0.11049,-15.4122,0.95186286,0.924364119
4,9.395134979,15.5824,1.89479,2.35595,-0.00607422,18.0613,8.94642,0.468354,-0.127375,-3.66059,-5.98338,0.66707,0.101994,-15.8663,0.942890717,0.913508931
5,12.7373948,12.9692,1.46818,2.20686,-0.014084,19.1525,8.58829,0.490859,-0.112224,-3.65953,-5.61709,0.587473,0.0970941,-16.3125,0.934056819,0.902241126
6,23.80652057,10.0701,1.03334,2.03877,-0.0249848,19.6578,8.13848,0.499921,-0.0918385,-3.56357,-5.19888,0.501182,0.088657,-16.7489,0.925063939,0.890247004
7,6.507359081,21.3244,-1.8148,2.62317,0.0730371,14.3409,9.72065,0.364446,-0.129223,-1.19524,-9.77016,0.272512,0.201881,-9.84223,0.939520164,0.959870672
8,7.153943946,19.5923,-2.07607,2.54301,0.0741572,16.594,9.5861,0.350339,-0.120323,-2.30382,-9.32461,0.272186,0.203197,-10.2092,0.928825964,0.954359616
9,8.197249758,17.4974,-2.33218,2.43506,0.076371,18.4704,9.35051,0.344066,-0.108964,-3.47135,-8.81963,0.273433,0.199991,-10.5747,0.918094837,0.94634126
10,10.10807722,15.0286,-2.57406,2.29559,0.0768459,19.7467,9.02232,0.337363,-0.0914329,-4.56052,-8.27484,0.26807,0.191026,-10.9327,0.907071983,0.936658323
11,14.62887263,12.1935,-2.792,2.1253,0.0754614,20.2454,8.57964,0.326165,-0.0662182,-5.36218,-7.71495,0.253415,0.17702,-11.2764,0.894956075,0.926712557
12,37.10096759,9.02272,-2.97653,1.92488,0.0716939,19.8471,7.99522,0.30016,-0.0375331,-5.93586,-7.1671,0.227684,0.156492,-11.5984,0.88233426,0.916357947
13,2.800073592,23.6072,2.29463,2.75521,0.0369594,18.866,9.83722,-0.278042,-0.0249581,-8.77176,-1.47159,0.0961422,-0.157473,-16.2508,0.727576076,0.74028187
14,3.102144934,21.2102,1.84092,2.62575,0.0211193,21.1152,9.71443,-0.296006,-0.0230249,-8.66287,-1.95941,-0.0120302,-0.140199,-16.5385,0.711986209,0.729146898
15,3.586271569,18.5033,1.36164,2.46808,0.0133988,22.9129,9.52205,-0.291723,-0.0166111,-8.07936,-2.42469,-0.103787,-0.114406,-16.7893,0.696459301,0.717595413
16,4.512312478,15.4652,0.862772,2.28753,0.000926676,24.1023,9.21789,-0.291635,-0.00810701,-7.349,-2.8613,-0.183577,-0.0919548,-16.9989,0.680134912,0.705363724
17,6.898718213,12.0782,0.352884,2.07185,-0.00867243,24.3132,8.75815,-0.292286,0.000718354,-6.53721,-3.26396,-0.240276,-0.071644,-17.1636,0.663573677,0.692454828
18,27.59298479,8.33442,-0.156216,1.83022,-0.0234732,23.4301,8.13667,-0.30523,0.0099419,-5.71767,-3.62849,-0.281941,-0.0562811,-17.2801,0.647252286,0.678218484
19,2.084735871,25.1255,-1.8592,2.38646,-0.081527,20.4242,7.84304,0.341419,0.0795991,-1.71512,-6.59223,-0.00571387,0.060357,-8.88132,0.825623811,0.763986059
20,2.305467777,22.5204,-2.0361,2.27419,-0.0576319,20.9276,7.62199,0.320168,0.0805801,-1.55514,-6.11404,0.0408646,0.0566317,-9.13932,0.806942585,0.741165112
21,2.6432217,19.7084,-2.20375,2.14668,-0.0406176,21.0104,7.36547,0.282246,0.0761743,-1.47209,-5.64315,0.0749825,0.0466115,-9.39188,0.786525388,0.718746457
22,3.237391548,16.7053,-2.35947,2.01396,-0.0258312,20.7304,7.05744,0.236724,0.0705102,-1.48541,-5.19193,0.100638,0.0365917,-9.63547,0.764819231,0.695702421
23,4.4767088,13.5323,-2.50047,1.8663,-0.0154818,19.9986,6.67561,0.171108,0.0596411,-1.55993,-4.77251,0.110482,0.0218129,-9.86647,0.742709461,0.672775415
24,8.631805193,10.2164,-2.62416,1.7058,-0.0100987,18.8367,6.19849,0.095734,0.0457474,-1.71667,-4.3963,0.105991,0.00633459,-10.0813,0.720864427,0.651947643
25,3.220091882,23.5967,0.79475,2.52889,0.175091,16.4498,9.09603,0.144067,0.0519353,-5.41946,7.08611,0.423485,0.141595,-8.26332,0.843737556,0.898959706
26,3.510467782,21.4993,0.537513,2.41986,0.168576,18.0446,8.88058,0.164442,0.0407477,-5.51555,7.3154,0.432255,0.147805,-8.44085,0.826589765,0.882541435
27,3.956778014,19.1122,0.285955,2.28801,0.161909,19.1798,8.58647,0.187186,0.0304216,-5.49087,7.56863,0.441685,0.151821,-8.59488,0.80972281,0.865875387
28,4.74828876,16.4391,0.0445564,2.14433,0.158066,19.8301,8.21409,0.214796,0.020512,-5.27013,7.82809,0.452702,0.155444,-8.72491,0.793819921,0.848589432
29,6.369305454,13.4939,-0.182021,1.96994,0.150845,19.7308,7.73292,0.24044,0.0146408,-5.02778,8.0755,0.456664,0.156217,-8.83086,0.777615237,0.829359305
30,11.69153378,10.3029,-0.389256,1.77495,0.13638,18.9212,7.12783,0.245546,0.0125396,-4.77517,8.29321,0.440651,0.150726,-8.9129,0.764072213,0.80944431
31,2.075403975,22.4082,0.374721,2.22469,0.116171,13.464,7.13307,-0.126549,6.99E-05,-3.50031,-10.7284,0.06027,0.000332606,-3.45059,0.906884665,0.950759274
32,2.23321407,20.538,0.23285,2.11131,0.107739,14.7832,7.00769,-0.165953,0.00396797,-3.56054,-10.4169,0.00416086,-0.00990809,-3.44514,0.900585054,0.944948328
33,2.480022085,18.3933,0.0797558,1.97958,0.0997473,15.7987,6.83467,-0.177774,0.00416075,-3.31679,-10.0215,-0.0384868,-0.0173049,-3.41044,0.894304418,0.93896495
34,2.906271799,15.9607,-0.0830757,1.82663,0.0911311,16.3556,6.6061,-0.16247,0.00289714,-2.80385,-9.54648,-0.0649325,-0.0203678,-3.34881,0.887871984,0.932194135
35,3.815893322,13.2313,-0.253154,1.65858,0.0812776,16.3993,6.30198,-0.129727,0.00112534,-2.10899,-8.9992,-0.0759819,-0.0208241,-3.26334,0.881686221,0.923836949
36,6.868541587,10.204,-0.426905,1.47913,0.0669737,15.8982,5.9056,-0.0927576,8.03E-05,-1.28933,-8.39036,-0.0773117,-0.0215953,-3.15789,0.875601657,0.914979711
37,2.303759437,21.3246,3.03718,3.10244,0.156097,17.4142,8.97589,-0.123244,-0.0352845,-1.63889,7.59426,0.200565,-0.110881,-8.16535,0.842117997,0.784729403
38,2.579675533,19.2357,2.97626,2.97826,0.148669,18.9112,8.76617,-0.147391,-0.0362479,-2.12775,7.38656,0.139409,-0.103912,-8.2137,0.826516843,0.763141695
39,3.019850896,16.9092,2.9143,2.82982,0.140512,19.9517,8.50167,-0.176551,-0.0361206,-2.4363,7.18081,0.0709391,-0.0951171,-8.25756,0.811227433,0.739397946
40,3.815797314,14.3632,2.85149,2.65203,0.134731,20.3976,8.16828,-0.210277,-0.0339565,-2.51913,6.97153,-0.0028459,-0.082806,-8.29702,0.795133073,0.714762669
41,5.692013044,11.6258,2.78799,2.44738,0.124244,20.1453,7.74261,-0.25107,-0.0295829,-2.5179,6.75385,-0.0796857,-0.0711188,-8.33219,0.778364042,0.690651998
42,15.25546098,8.73603,2.72422,2.20874,0.108057,19.0746,7.19582,-0.301769,-0.0221432,-2.46553,6.52469,-0.158507,-0.0602898,-8.36302,0.760841243,0.66538598
43,1.788974051,21.8437,-1.07592,1.35802,0.0530248,12.242,3.4101,-0.225416,-0.00258466,-3.65069,1.09004,-0.187032,-0.0540585,-7.55091,0.809255553,0.806670157
44,1.948188277,19.0822,-1.3304,1.20971,0.0415612,11.1151,3.13638,-0.307618,0.000486281,-3.47823,1.04853,-0.201113,-0.0540895,-7.79605,0.79039878,0.785048308
45,2.195887325,16.2703,-1.56636,1.04838,0.0328517,9.67542,2.81626,-0.383572,0.00397089,-3.2213,1.01326,-0.21323,-0.0532385,-8.01924,0.767979358,0.761760185
46,2.667748982,13.4554,-1.77819,0.882778,0.0233105,8.06265,2.46558,-0.451412,0.0073237,-2.91014,0.982531,-0.225557,-0.0526803,-8.2188,0.741773091,0.737262685
47,3.931468594,10.6877,-1.96101,0.723613,0.0137564,6.44252,2.11942,-0.504356,0.00888007,-2.52284,0.954612,-0.233092,-0.0529535,-8.39326,0.714225735,0.712310824
48,14.60497898,8.01766,-2.11111,0.580832,0.00672809,4.96169,1.7978,-0.558661,0.0105388,-2.13203,0.928146,-0.244636,-0.0544532,-8.54143,0.685814212,0.686850551
49,1.706278622,28.8407,2.51736,2.14139,0.150387,20.9319,7.599,0.400267,-0.104113,-0.356544,4.22807,0.366529,0.0159872,-8.52651,0.597369347,0.636579561
50,1.922039782,25.3406,2.44693,2.04546,0.1285,22.1678,7.41352,0.343649,-0.0772358,-0.936212,4.03546,0.280137,0.0141294,-8.6432,0.584063079,0.619338378
51,2.243367634,21.482,2.37202,1.90242,0.106808,22.4216,7.081,0.283898,-0.049495,-1.41037,3.81315,0.18938,0.015219,-8.71308,0.570654807,0.605689313
52,2.82613965,17.3137,2.29098,1.71708,0.0812847,21.5464,6.59687,0.204355,-0.0225787,-1.67636,3.54283,0.0869962,0.0142252,-8.73679,0.557215935,0.590864082
53,4.269270661,12.914,2.2031,1.47715,0.0562437,19.3116,5.87653,0.119647,0.00147431,-1.97652,3.21127,-0.0101596,0.0138562,-8.71561,0.544205474,0.575524992
54,17.63023891,8.3875,2.10911,1.20848,0.0306763,16.0774,4.99785,0.0246804,0.0206317,-2.10088,2.81349,-0.105561,0.0121798,-8.65137,0.531873333,0.559672044
55,5.408201131,17.1367,4.07692,2.31559,0.576737,8.30316,7.54796,0.491341,-0.0952848,0.160786,15.7201,0.492997,0.0738465,-9.72485,0.971336394,0.986226587
56,5.946958589,16.0257,4.00469,2.26751,0.557794,9.98877,7.46941,0.528535,-0.0820433,-0.868561,14.6908,0.440746,0.0579961,-9.84337,0.963707472,0.982131282
57,6.799661845,14.6622,3.92219,2.19808,0.531471,11.6329,7.34137,0.562335,-0.0722818,-1.92275,13.6148,0.385693,0.0410987,-9.90653,0.954290809,0.977110506
58,8.325644988,13.0274,3.83091,2.10611,0.499439,13.1119,7.15801,0.588495,-0.0662758,-2.9372,12.4991,0.328079,0.0228012,-9.90905,0.943182915,0.967863285
59,11.74908776,11.1089,3.73243,1.99103,0.461986,14.2807,6.92169,0.593772,-0.0605519,-3.75009,11.3538,0.26308,0.00484577,-9.84784,0.930815789,0.957109831
60,25.64987676,8.90384,3.62836,1.8504,0.419854,14.9784,6.61482,0.564317,-0.0504815,-4.29909,10.1919,0.18396,-0.0120136,-9.72221,0.917970707,0.9458543
61,1.197030515,26.2454,-2.64854,1.49482,0.140303,15.0171,5.49259,0.371168,-0.0354372,-0.155607,-12.8294,0.0854955,0.0903972,-4.69377,0.692012277,0.675573221
62,1.281209844,23.1035,-2.96839,1.34947,0.122939,14.425,5.17212,0.306415,-0.0179716,-0.00756572,-12.316,0.0987797,0.0802703,-5.00074,0.671739189,0.656732019
63,1.432319586,19.6768,-3.29178,1.19578,0.105017,13.4054,4.78019,0.240754,-0.00370543,0.0581323,-11.7464,0.112297,0.0706038,-5.29084,0.651298084,0.637687565
64,1.749359285,15.9894,-3.61012,1.03868,0.0861511,12.0579,4.30122,0.149952,0.00774094,-0.124919,-11.1373,0.112878,0.0595689,-5.56179,0.632483146,0.616755764
65,2.650721423,12.0825,-3.91312,0.878522,0.0688689,10.4213,3.77314,0.0433963,0.015997,-0.486326,-10.5059,0.102863,0.049184,-5.81163,0.614106253,0.595401327
66,14.17188999,8.01695,-4.18954,0.722165,0.0542795,8.63477,3.23382,-0.0599057,0.0217991,-0.819542,-9.87008,0.091276,0.0397244,-6.03888,0.597034495,0.57385009
67,4.763039634,26.3511,6.20184,2.68066,0.0918218,16.279,8.20548,1.27665,-0.0372567,-5.40193,8.59763,0.480052,0.0719068,-11.401,0.909015107,0.844200754
68,5.214450286,24.0705,6.14803,2.60428,0.0757095,18.242,8.10298,1.27379,-0.028497,-5.95778,7.58232,0.382671,0.0551888,-11.8787,0.896126262,0.823257905
69,5.90801078,21.4348,6.0697,2.51005,0.06199,19.9123,7.97932,1.25979,-0.0184309,-6.296,6.57038,0.286282,0.0434545,-12.3509,0.883226517,0.800777488
70,7.057494467,18.4558,5.96252,2.39127,0.0476005,21.123,7.80809,1.22239,-0.00741522,-6.39011,5.56861,0.188285,0.0341014,-12.8125,0.870108779,0.777400638
71,9.324135981,15.1582,5.82313,2.25133,0.0342891,21.8155,7.56927,1.16005,0.000585338,-6.26679,4.58581,0.0920989,0.0235867,-13.2579,0.854282476,0.753008413
72,15.626646,11.5799,5.64981,2.08204,0.0172833,21.7736,7.26372,1.06896,0.00879683,-5.94916,3.63325,-0.00217166,0.0146302,-13.6814,0.835573213,0.727803887
73,5.81463394,18.4455,2.63132,3.74939,0.0800157,13.7447,11.6299,1.05862,-0.158223,2.35448,3.99627,0.60653,0.0752166,-2.45088,0.967499409,0.940140662
74,6.418762708,17.1392,2.35353,3.67059,0.0674872,17.579,11.6163,1.01004,-0.147138,1.40435,3.73855,0.572886,0.070026,-2.95073,0.960264588,0.929074854
75,7.429679048,15.4936,2.06424,3.55863,0.0568806,21.2848,11.5319,0.963352,-0.135322,0.526161,3.53003,0.54251,0.0670688,-3.45513,0.951795417,0.918023899
76,9.349744377,13.4883,1.76469,3.40657,0.0448434,24.5635,11.3616,0.922878,-0.126094,-0.210735,3.36148,0.516773,0.0623537,-3.95972,0.943113631,0.906497635
77,14.18610983,11.1103,1.45674,3.21117,0.0390352,27.0555,11.0813,0.890991,-0.115884,-0.697439,3.21971,0.498639,0.0604298,-4.45937,0.934236948,0.894377233
78,46.51942093,8.35803,1.14332,2.97094,0.0331315,28.4185,10.6617,0.847204,-0.100276,-1.04744,3.08873,0.47405,0.0590587,-4.94829,0.925242145,0.878862821
79,3.41983916,19.9214,2.1186,2.84469,0.231549,11.1882,9.17172,1.49852,-0.0952065,-3.39374,8.66914,0.938171,0.224327,-7.05754,0.954395266,0.928062013
80,3.765170912,18.5683,2.0566,2.80944,0.218466,13.48,9.21389,1.47984,-0.0729719,-3.87451,7.76006,0.840855,0.207647,-7.35625,0.948073308,0.917849226
81,4.28070716,16.94,1.99123,2.74818,0.199407,15.6747,9.18565,1.43307,-0.0468058,-4.30158,6.84213,0.726721,0.189409,-7.65325,0.941648555,0.908314617
82,5.12625832,15.0237,1.92202,2.65467,0.178013,17.6138,9.0662,1.36308,-0.0230432,-4.66182,5.92224,0.604804,0.167224,-7.94453,0.934474859,0.897481988
83,6.788956426,12.8133,1.84865,2.52962,0.157975,19.1392,8.83713,1.27711,0.00170967,-4.92438,5.00872,0.481335,0.148002,-8.22593,0.927660949,0.886638421
84,11.54144194,10.3096,1.77098,2.3708,0.135793,20.0774,8.49353,1.17605,0.0223441,-5.07734,4.11179,0.359651,0.127661,-8.49328,0.920523966,0.875561503
85,1.230651449,42.1584,0.326407,3.25231,0.163634,-0.228034,9.56234,1.77863,-0.469938,3.49093,-6.00701,0.0607542,-0.0712698,-2.65566,1,1
86,1.241489187,42.0389,0.2233,3.27116,0.162592,2.68575,9.7447,1.75961,-0.464134,2.66363,-7.15481,0.040957,-0.0699826,-3.65154,0.970438652,0.98022024
87,1.230130822,41.3729,0.0788672,3.18698,0.152619,6.1271,9.597,1.65247,-0.44419,1.39088,-8.14733,0.0176604,-0.0677604,-4.69865,0.944458241,0.960148953
88,1.255796561,22.2941,-1.55229,1.53357,0.00921729,13.3658,6.02602,0.0584978,-0.0338541,-1.61883,-8.15819,-0.0427482,-0.030511,-10.074,0.766941155,0.744738782
89,1.375831475,16.9478,-1.81145,1.1015,-0.0114134,9.536,4.46864,-0.151377,0.0244637,-1.3804,-7.62463,-0.033014,-0.00608006,-10.5455,0.73396277,0.68966513
90,1.82173572,11.6143,-1.98468,0.664887,-0.0149088,5.40661,2.71804,-0.250356,0.0493309,-1.37853,-7.21766,-0.00558591,0.0203327,-10.8535,0.693196718,0.630301097
91,1.699530548,25.9295,0.668226,2.38765,0.11119,21.1283,7.55969,0.229065,0.0411018,-2.20956,-4.89631,0.182751,0.111857,-4.82033,0.758351918,0.781165015
92,1.89180613,23.0142,0.526511,2.26501,0.110463,22.3815,7.32758,0.134852,0.0394164,-2.25114,-4.37933,0.142663,0.0941833,-5.06977,0.736915515,0.762038021
93,2.208779378,19.767,0.389252,2.12205,0.106428,22.8927,7.04501,0.0355405,0.0338208,-2.28007,-3.8328,0.108008,0.0749327,-5.29025,0.715024129,0.742246768
94,2.80684588,16.2236,0.260794,1.95429,0.0998089,22.4788,6.6931,-0.0545471,0.023709,-2.21467,-3.27315,0.0809211,0.0546989,-5.47805,0.693005945,0.723843222
95,4.305841811,12.4491,0.145986,1.75348,0.0916419,20.9808,6.21724,-0.153646,0.0121438,-2.15916,-2.71815,0.0548338,0.0343982,-5.62963,0.670972843,0.704581403
96,15.26820702,8.53873,0.0496402,1.52469,0.0795931,18.4977,5.62214,-0.260173,-0.00038551,-2.08281,-2.18675,0.0255573,0.01389,-5.74195,0.65065525,0.683474789
97,2.183010472,24.2659,3.65529,2.1416,0.41702,18.3749,6.59336,0.68906,-0.0342569,-2.48821,12.5455,0.44117,0.158199,-8.81021,0.83915904,0.912727032
98,2.416482596,21.5582,3.5924,2.01133,0.389848,18.8209,6.35246,0.653138,-0.0292355,-2.91446,11.9786,0.393132,0.1391,-8.8676,0.820623369,0.901376984
99,2.796279799,18.6102,3.52053,1.86537,0.361753,18.8225,6.05844,0.614754,-0.0246651,-3.18054,11.3774,0.3447,0.121187,-8.89788,0.801720146,0.889274881
100,3.510332089,15.4395,3.43974,1.70409,0.325205,18.3107,5.682,0.55107,-0.0182578,-3.38462,10.7477,0.280337,0.0979712,-8.90056,0.782736061,0.876427016
101,5.259758893,12.0725,3.35034,1.51549,0.286204,17.128,5.19045,0.484898,-0.00740862,-3.63384,10.097,0.212043,0.0779261,-8.87559,0.76339545,0.863752218
102,17.28134478,8.54508,3.25307,1.32215,0.241119,15.4968,4.62912,0.407473,0.00457341,-3.8296,9.43481,0.133705,0.0570844,-8.82352,0.744326828,0.851036514
103,2.621237209,31.2886,2.2921,2.97563,0.314433,11.4206,7.11568,0.934424,-0.0906397,-4.77635,-3.22475,0.966733,0.288025,-10.8834,0.888560677,0.918306143
104,2.804905771,28.5319,2.17011,2.84614,0.308284,14.0936,7.00921,0.842802,-0.054778,-5.28547,-3.18772,0.818347,0.261214,-11.1905,0.864573302,0.897258066
105,3.078091331,25.1647,2.07952,2.65956,0.298919,16.0673,6.78223,0.735394,-0.0227516,-5.29775,-3.13629,0.650768,0.223933,-11.4418,0.840828714,0.874992577
106,3.530145009,21.2049,2.01756,2.40733,0.282409,16.9061,6.38672,0.605286,0.000926378,-4.91501,-3.10435,0.474163,0.175843,-11.6318,0.81169425,0.850521324
107,4.453295778,16.7218,1.97848,2.09028,0.257143,16.3027,5.76641,0.448829,0.0148321,-4.34515,-3.11439,0.300739,0.121497,-11.7563,0.778969773,0.821545222
108,7.45952469,11.8516,1.95543,1.72141,0.216502,14.229,4.92001,0.254045,0.0200633,-3.75218,-3.17119,0.13186,0.0643419,-11.8116,0.748410958,0.791368676
109,1.478131582,42.6183,5.02094,2.69077,0.304658,14.1641,6.74373,1.55403,-0.0906163,-8.40969,20.7184,0.53248,-0.0518018,-9.64299,0.917300485,0.884579839
110,1.554845138,39.318,5.33019,2.59755,0.280284,17.4581,6.16105,1.68749,-0.11643,-9.56873,17.4049,0.276843,-0.0891471,-9.80792,0.891920025,0.850565932
111,1.70480019,34.8567,5.71251,2.49159,0.261842,20.3263,5.91273,1.43479,-0.1519,-8.48372,14.1971,-0.100924,-0.141848,-9.97096,0.868956431,0.813905665
112,1.980047415,29.0471,6.1183,2.33203,0.237722,22.2416,5.51194,1.10923,-0.199216,-6.90029,11.3226,-0.48706,-0.205404,-10.1126,0.846728014,0.773545269
113,2.537872209,21.8641,6.43534,2.0532,0.182175,22.1157,4.77063,0.864795,-0.243392,-5.35747,9.03859,-0.799471,-0.271631,-10.214,0.828802741,0.732189078
114,4.363769872,13.7145,6.50307,1.60011,0.0980041,18.6985,3.80684,0.534801,-0.266802,-2.85773,7.61795,-1.03564,-0.318335,-10.2599,0.822812287,0.689608605
115,4.121238946,21.224,8.42255,3.31762,0.329095,13.7098,9.2068,0.749641,-0.0192891,-0.16763,18.1408,1.30874,0.403458,-11.5424,0.9136451,0.765236177
116,4.613639936,19.3448,7.93772,3.23395,0.302668,15.5388,9.12504,0.778703,-0.0168134,-0.447903,17.3738,1.24372,0.39784,-11.8476,0.901568394,0.747885128
117,5.363701191,17.2448,7.42282,3.1271,0.271388,17.2099,8.9966,0.791687,-0.0139148,-0.597769,16.6011,1.16373,0.387999,-12.1458,0.887863771,0.728091092
118,6.637597328,14.926,6.87991,2.99182,0.239776,18.5699,8.79798,0.79888,-0.0104219,-0.66169,15.8235,1.07773,0.376145,-12.4358,0.872208517,0.706783185
119,9.308646367,12.3975,6.3129,2.83039,0.204829,19.5087,8.53029,0.779051,-0.00563155,-0.578045,15.0427,0.975019,0.359367,-12.7161,0.857306264,0.684832045
120,18.46241141,9.67593,5.72815,2.6463,0.169459,19.9082,8.19852,0.737404,-0.000373302,-0.239073,14.2625,0.858816,0.342803,-12.985,0.842945454,0.662507309
121,1.704377125,52.5963,3.76126,1.86836,0.183067,-0.0118872,9.96725,-1.77986,0.200773,7.59941,30.9289,1.05218,0.0928782,-9.36858,1,1
122,1.694149308,52.5792,3.75586,1.85657,0.18282,0.401183,9.84366,-1.71496,0.211335,7.6307,30.1091,1.00026,0.0867589,-9.35783,0.982273129,0.987451508
123,1.678296901,52.4966,3.75211,1.83643,0.186094,0.870593,9.68299,-1.63451,0.218024,7.56492,29.1973,0.94118,0.0841923,-9.3451,0.964110817,0.97408438
124,1.657314729,52.3393,3.75117,1.80826,0.183603,1.39229,9.44843,-1.54287,0.222538,7.3064,28.1922,0.87008,0.0760151,-9.33094,0.944530691,0.958484368
125,1.625941545,52.097,3.75439,1.76614,0.181943,1.95447,9.15147,-1.43354,0.224184,6.8817,27.0949,0.791792,0.0698792,-9.31587,0.919649544,0.938949915
126,1.588456552,51.758,3.76322,1.71461,0.178001,2.5449,8.77681,-1.311,0.222946,6.27283,25.9093,0.703702,0.062921,-9.3003,0.893369515,0.91502185
